FOTO;VELOCIDAD;FECHA;HORA;LOTE;DOMINO;FOTOSIVSA;Carril
37267535;125.4;11/07/2024;11:13:44;11/07/202418/07/;ac096qm;3720675353;2
37267540;085.0;11/07/2024;11:50:37;11/07/202418/07/;dyd018;3720675403;2
37267542;098.1;11/07/2024;12:01:33;11/07/202418/07/;giu013;3720675423;2
37267543;098.4;11/07/2024;12:03:17;11/07/202418/07/;ids785;3720675433;2
37267545;103.0;11/07/2024;12:12:04;11/07/202418/07/;olx253;3720675453;2
37267547;097.6;11/07/2024;12:38:43;11/07/202418/07/;ag074mc;3720675473;2
37267550;088.9;11/07/2024;12:58:44;11/07/202418/07/;hhc941;3720675503;2
37267551;086.3;11/07/2024;13:07:11;11/07/202418/07/;aa671wk;3720675513;2
37267552;094.9;11/07/2024;13:08:41;11/07/202418/07/;ae971ma;3720675522;2
37267554;118.9;11/07/2024;13:17:27;11/07/202418/07/;ae276ej;3720675542;2
37267559;083.4;11/07/2024;14:01:33;11/07/202418/07/;lvg510;3720675593;2
37267571;099.6;11/07/2024;15:24:31;11/07/202418/07/;ac153zd;3720675713;2
37267583;110.1;11/07/2024;15:57:27;11/07/202418/07/;ac091jm;3720675831;2
37267585;107.0;11/07/2024;15:58:36;11/07/202418/07/;ab951ah;3720675853;2
37267586;093.3;11/07/2024;16:05:48;11/07/202418/07/;af110yl;3720675863;2
37267589;100.1;11/07/2024;16:26:55;11/07/202418/07/;myx970;3720675892;2
37267599;099.7;11/07/2024;17:09:23;11/07/202418/07/;pnl979;3720675992;2
37267600;087.9;11/07/2024;17:30:47;11/07/202418/07/;ac657yc;3720676002;2
37267605;092.4;11/07/2024;17:48:31;11/07/202418/07/;ae557jn;3720676052;2
37267606;083.8;11/07/2024;17:49:41;11/07/202418/07/;dsc148;3720676063;2
37267608;124.8;11/07/2024;17:55:43;11/07/202418/07/;ae546sw;3720676083;2
37267611;101.1;12/07/2024;08:14:17;11/07/202418/07/;jom113;3720676112;2
37267612;091.3;12/07/2024;08:30:00;11/07/202418/07/;ag490hh;3720676123;2
37267613;087.5;12/07/2024;08:39:22;11/07/202418/07/;ag230od;3720676133;2
37267614;091.8;12/07/2024;08:43:32;11/07/202418/07/;ad198bf;3720676143;2
37267618;113.3;12/07/2024;08:58:59;11/07/202418/07/;aa433la;3720676183;2
37267621;095.4;12/07/2024;09:01:15;11/07/202418/07/;bam093;3720676212;2
37267625;105.2;12/07/2024;09:23:53;11/07/202418/07/;ac320oi;3720676253;2
37267628;092.6;12/07/2024;09:33:19;11/07/202418/07/;kln612;3720676283;2
37267629;100.4;12/07/2024;09:34:10;11/07/202418/07/;ac403qm;3720676293;2
37267634;097.8;12/07/2024;09:45:26;11/07/202418/07/;ae180mc;3720676342;2
37267635;085.1;12/07/2024;09:57:12;11/07/202418/07/;ae180mc;3720676351;2
37267636;091.6;12/07/2024;09:57:14;11/07/202418/07/;af579eu;3720676361;2
37267637;086.7;12/07/2024;10:01:28;11/07/202418/07/;af627qx;3720676371;2
37267640;089.4;12/07/2024;10:12:16;11/07/202418/07/;ae154pm;3720676403;2
37267643;095.3;12/07/2024;10:22:21;11/07/202418/07/;hiq742;3720676432;2
37267644;096.7;12/07/2024;10:25:57;11/07/202418/07/;ae993lf;3720676443;2
37267645;086.1;12/07/2024;10:32:17;11/07/202418/07/;qhi829;3720676453;2
37267647;101.6;12/07/2024;10:41:01;11/07/202418/07/;af349wi;3720676473;2
37267649;107.2;12/07/2024;10:47:22;11/07/202418/07/;ad398kh;3720676493;2
37267650;094.5;12/07/2024;10:50:16;11/07/202418/07/;af000hi;3720676503;2
37267651;108.2;12/07/2024;10:50:19;11/07/202418/07/;af767dd;3720676513;2
37267653;083.7;12/07/2024;10:53:03;11/07/202418/07/;jsv530;3720676533;2
37267654;100.4;12/07/2024;11:00:56;11/07/202418/07/;aa507ey;3720676541;2
37267659;083.7;12/07/2024;11:30:58;11/07/202418/07/;jlj506;3720676593;2
37267661;083.7;12/07/2024;11:39:32;11/07/202418/07/;ae883ko;3720676613;2
37267662;097.7;12/07/2024;11:40:18;11/07/202418/07/;kmy967;3720676623;2
37267664;100.3;12/07/2024;11:42:15;11/07/202418/07/;aa615qm;3720676643;2
37267671;086.7;12/07/2024;12:27:38;11/07/202418/07/;ag226xe;3720676713;2
37267673;096.2;12/07/2024;12:32:34;11/07/202418/07/;mzj874;3720676731;2
37267674;107.5;12/07/2024;12:39:50;11/07/202418/07/;ab231de;3720676742;2
37267675;112.1;12/07/2024;12:40:16;11/07/202418/07/;jwn713;3720676753;2
37267680;084.3;12/07/2024;12:57:27;11/07/202418/07/;ac591xe;3720676803;2
37267681;084.1;12/07/2024;13:03:18;11/07/202418/07/;ac412ni;3720676813;2
37267682;083.9;12/07/2024;13:24:36;11/07/202418/07/;lis480;3720676823;2
37267685;096.6;12/07/2024;13:36:50;11/07/202418/07/;af431dd;3720676853;2
37267722;132.9;12/07/2024;16:26:27;11/07/202418/07/;ad616ae;3720677222;2
37267723;105.3;12/07/2024;16:27:18;11/07/202418/07/;ab063pp;3720677233;2
37267725;097.3;12/07/2024;16:28:56;11/07/202418/07/;ag267lm;3720677253;2
37267730;091.5;12/07/2024;16:41:23;11/07/202418/07/;llv227;3720677303;2
37267732;085.1;12/07/2024;17:01:25;11/07/202418/07/;ac658hu;3720677323;2
37267733;105.2;12/07/2024;17:02:29;11/07/202418/07/;ksn496;3720677333;2
37267734;091.0;12/07/2024;17:06:50;11/07/202418/07/;ad863xf;3720677342;2
37267737;089.0;12/07/2024;17:13:15;11/07/202418/07/;ac503ph;3720677372;2
37267738;100.6;12/07/2024;17:15:33;11/07/202418/07/;ad945vt;3720677383;2
37267740;116.8;12/07/2024;17:19:41;11/07/202418/07/;af257pv;3720677403;2
37267743;101.8;12/07/2024;17:25:36;11/07/202418/07/;af898rx;3720677432;2
37267748;083.1;12/07/2024;17:31:55;11/07/202418/07/;kqa074;3720677483;2
37267752;094.7;12/07/2024;17:44:20;11/07/202418/07/;joj862;3720677523;2
37267756;113.3;12/07/2024;17:59:01;11/07/202418/07/;ab245rx;3720677563;2
37267759;105.9;13/07/2024;08:31:24;11/07/202418/07/;aa452rm;3720677593;2
37267760;104.7;13/07/2024;08:34:26;11/07/202418/07/;mus457;3720677603;2
37267761;091.8;13/07/2024;08:40:03;11/07/202418/07/;af832en;3720677613;2
37267762;083.2;13/07/2024;08:45:08;11/07/202418/07/;cnl850;3720677623;2
37267763;104.8;13/07/2024;08:49:27;11/07/202418/07/;fjw930;3720677633;2
37267764;085.4;13/07/2024;08:50:02;11/07/202418/07/;af831eo;3720677643;2
37267766;122.5;13/07/2024;08:54:43;11/07/202418/07/;ad532vp;3720677662;2
37267767;102.0;13/07/2024;08:56:41;11/07/202418/07/;mws537;3720677673;2
37267768;097.2;13/07/2024;09:01:18;11/07/202418/07/;ag572at;3720677683;2
37267769;128.6;13/07/2024;09:08:07;11/07/202418/07/;ae882jz;3720677692;2
37267770;087.2;13/07/2024;09:24:42;11/07/202418/07/;hvx495;3720677703;2
37267772;112.5;13/07/2024;09:34:38;11/07/202418/07/;aa876uf;3720677723;2
37267773;098.8;13/07/2024;09:34:43;11/07/202418/07/;kuk170;3720677733;2
37267774;116.4;13/07/2024;09:40:41;11/07/202418/07/;ag374ia;3720677743;2
37267775;097.0;13/07/2024;09:42:19;11/07/202418/07/;ede740;3720677753;2
37267776;102.9;13/07/2024;09:42:20;11/07/202418/07/;ac473ny;3720677763;2
37267777;103.9;13/07/2024;09:48:07;11/07/202418/07/;ae373xi;3720677773;2
37267778;094.5;13/07/2024;09:48:20;11/07/202418/07/;af742ev;3720677782;2
37267779;085.1;13/07/2024;09:52:52;11/07/202418/07/;aa307ma;3720677793;2
37267781;091.0;13/07/2024;09:58:39;11/07/202418/07/;nfq821;3720677813;2
37267782;095.7;13/07/2024;10:05:38;11/07/202418/07/;lvj813;3720677823;2
37267784;099.0;13/07/2024;10:10:30;11/07/202418/07/;ac885lx;3720677843;2
37267785;114.7;13/07/2024;10:25:04;11/07/202418/07/;aa730ud;3720677853;2
37267787;094.8;13/07/2024;10:39:22;11/07/202418/07/;iac876;3720677872;2
37267790;101.5;13/07/2024;10:42:53;11/07/202418/07/;ag317ug;3720677902;2
37267791;113.1;13/07/2024;10:43:56;11/07/202418/07/;ac606lb;3720677913;2
37267792;116.8;13/07/2024;10:44:25;11/07/202418/07/;ad465lq;3720677923;2
37267793;107.1;13/07/2024;10:46:16;11/07/202418/07/;ad430om;3720677932;2
37267794;113.2;13/07/2024;10:47:17;11/07/202418/07/;mwq111;3720677942;2
37267795;096.2;13/07/2024;10:47:31;11/07/202418/07/;ag132ui;3720677953;2
37267796;100.9;13/07/2024;11:00:41;11/07/202418/07/;af318sd;3720677962;2
37267798;102.5;13/07/2024;11:06:16;11/07/202418/07/;lgo364;3720677983;2
37267800;087.0;13/07/2024;11:08:27;11/07/202418/07/;ac425gs;3720678003;2
37267803;094.7;13/07/2024;11:16:18;11/07/202418/07/;awf869;3720678032;2
37267807;087.4;13/07/2024;11:42:10;11/07/202418/07/;ad751hr;3720678072;2
37267808;122.4;13/07/2024;11:42:36;11/07/202418/07/;kaa760;3720678082;2
37267809;094.8;13/07/2024;11:45:16;11/07/202418/07/;ieo151;3720678093;2
37267811;086.6;13/07/2024;11:54:17;11/07/202418/07/;ag339sr;3720678113;2
37267813;085.7;13/07/2024;12:06:54;11/07/202418/07/;nht630;3720678133;2
37267815;089.5;13/07/2024;12:21:57;11/07/202418/07/;iek456;3720678153;2
37267817;097.3;13/07/2024;12:32:47;11/07/202418/07/;uvg138;3720678173;2
37267819;104.7;13/07/2024;12:47:26;11/07/202418/07/;ad885gh;3720678193;2
37267820;098.4;13/07/2024;13:06:01;11/07/202418/07/;ag156up;3720678203;2
37267821;089.1;13/07/2024;13:17:01;11/07/202418/07/;ae999qf;3720678213;2
37267822;097.8;13/07/2024;13:39:23;11/07/202418/07/;ag427up;3720678223;2
37267824;112.3;13/07/2024;13:48:59;11/07/202418/07/;ac742ox;3720678242;2
37267833;086.6;13/07/2024;14:41:21;11/07/202418/07/;af596yi;3720678333;2
37267844;117.6;13/07/2024;16:18:11;11/07/202418/07/;lsb521;3720678443;2
37267847;093.7;13/07/2024;16:19:53;11/07/202418/07/;aa671qf;3720678473;2
37267850;090.4;13/07/2024;16:31:10;11/07/202418/07/;gav162;3720678503;2
37267852;108.4;13/07/2024;17:03:34;11/07/202418/07/;mxl416;3720678523;2
37267855;126.4;13/07/2024;17:09:25;11/07/202418/07/;gsj963;3720678552;2
37267856;094.2;13/07/2024;17:11:50;11/07/202418/07/;ac172jr;3720678562;2
37267857;120.9;13/07/2024;17:12:30;11/07/202418/07/;ag331cl;3720678572;2
37267860;124.8;13/07/2024;17:26:44;11/07/202418/07/;ab752ko;3720678602;2
37267861;119.6;13/07/2024;17:30:30;11/07/202418/07/;kmz516;3720678613;2
37267862;108.0;13/07/2024;17:30:40;11/07/202418/07/;ag453sc;3720678623;2
37267864;102.7;14/07/2024;08:10:56;11/07/202418/07/;pnm941;3720678643;2
37267865;103.8;14/07/2024;08:13:18;11/07/202418/07/;aa833tg;3720678653;2
37267867;102.7;14/07/2024;09:02:20;11/07/202418/07/;af734iu;3720678673;2
37267869;097.5;14/07/2024;09:21:48;11/07/202418/07/;ag630vx;3720678693;2
37267870;108.3;14/07/2024;09:23:25;11/07/202418/07/;kum383;3720678703;2
37267873;094.5;14/07/2024;09:35:26;11/07/202418/07/;ad293af;3720678733;2
37267874;086.8;14/07/2024;09:38:09;11/07/202418/07/;kom415;3720678743;2
37267875;092.9;14/07/2024;09:49:03;11/07/202418/07/;af520vl;3720678753;2
37267877;120.6;14/07/2024;09:59:31;11/07/202418/07/;hrh803;3720678773;2
37267878;096.8;14/07/2024;10:13:06;11/07/202418/07/;ebw999;3720678783;2
37267879;113.2;14/07/2024;10:21:15;11/07/202418/07/;png319;3720678793;2
37267881;120.1;14/07/2024;10:41:50;11/07/202418/07/;nlc452;3720678813;2
37267882;113.8;14/07/2024;10:50:32;11/07/202418/07/;ae953vz;3720678823;2
37267883;088.6;14/07/2024;11:05:02;11/07/202418/07/;nij997;3720678832;2
37267885;104.7;14/07/2024;11:25:13;11/07/202418/07/;ihl965;3720678853;2
37267889;091.7;14/07/2024;11:30:48;11/07/202418/07/;af584ek;3720678893;2
37267893;111.3;14/07/2024;11:55:19;11/07/202418/07/;ab438os;3720678933;2
37267894;093.4;14/07/2024;12:02:17;11/07/202418/07/;fgs482;3720678943;2
37267897;100.6;14/07/2024;12:32:18;11/07/202418/07/;hpy310;3720678973;2
37267901;094.4;14/07/2024;13:02:50;11/07/202418/07/;wag133;3720679013;2
37267903;100.8;14/07/2024;13:17:38;11/07/202418/07/;ad927ao;3720679033;2
37267905;083.2;14/07/2024;13:24:14;11/07/202418/07/;ad227ou;3720679052;2
37267910;090.4;14/07/2024;13:54:26;11/07/202418/07/;af674de;3720679103;2
37267913;087.2;14/07/2024;14:13:30;11/07/202418/07/;ae057vn;3720679133;2
37267938;106.8;14/07/2024;16:08:08;11/07/202418/07/;ab708vg;3720679383;2
37267944;093.8;14/07/2024;16:40:27;11/07/202418/07/;ae093pz;3720679443;2
37267946;097.8;14/07/2024;16:55:58;11/07/202418/07/;ad233kz;3720679463;2
37267947;084.5;14/07/2024;17:01:32;11/07/202418/07/;ac590qz;3720679473;2
37267948;096.5;14/07/2024;17:16:29;11/07/202418/07/;poj314;3720679483;2
37267950;097.9;14/07/2024;17:21:27;11/07/202418/07/;ac750mx;3720679503;2
37267958;119.2;14/07/2024;17:55:32;11/07/202418/07/;ors326;3720679583;2
37267961;092.2;15/07/2024;08:10:51;11/07/202418/07/;af114ko;3720679613;2
37267963;092.8;15/07/2024;08:21:00;11/07/202418/07/;lro637;3720679631;2
37267964;089.6;15/07/2024;08:26:59;11/07/202418/07/;ac521nf;3720679643;2
37267965;108.1;15/07/2024;08:28:51;11/07/202418/07/;ac507cs;3720679652;2
37267966;086.3;15/07/2024;08:29:22;11/07/202418/07/;neo641;3720679663;2
37267967;104.6;15/07/2024;08:29:27;11/07/202418/07/;ag279wv;3720679673;2
37267969;100.0;15/07/2024;08:41:42;11/07/202418/07/;af000hi;3720679692;2
37267971;100.2;15/07/2024;08:54:58;11/07/202418/07/;ag302yp;3720679713;2
37267972;092.5;15/07/2024;09:10:50;11/07/202418/07/;iay803;3720679723;2
37267973;098.6;15/07/2024;09:17:28;11/07/202418/07/;idw274;3720679733;2
37267976;095.9;15/07/2024;09:30:46;11/07/202418/07/;ae763uu;3720679761;2
37267977;119.8;15/07/2024;09:42:31;11/07/202418/07/;kvd174;3720679773;2
37267980;131.1;15/07/2024;09:57:45;11/07/202418/07/;jej268;3720679803;2
37267982;111.2;15/07/2024;10:08:14;11/07/202418/07/;af719yx;3720679822;2
37267984;116.3;15/07/2024;10:30:24;11/07/202418/07/;af489xo;3720679843;2
37267986;096.0;15/07/2024;10:34:27;11/07/202418/07/;jql196;3720679863;2
37267987;100.8;15/07/2024;10:40:33;11/07/202418/07/;ae513vw;3720679871;2
37267988;105.1;15/07/2024;10:49:37;11/07/202418/07/;ab692zg;3720679883;2
37267989;101.0;15/07/2024;10:56:23;11/07/202418/07/;ag309hc;3720679893;2
37267990;107.7;15/07/2024;10:57:42;11/07/202418/07/;ae014tc;3720679903;2
37267991;125.0;15/07/2024;11:00:58;11/07/202418/07/;ae504li;3720679913;2
37267993;090.5;15/07/2024;11:21:37;11/07/202418/07/;af110yl;3720679933;2
37267994;085.3;15/07/2024;11:39:10;11/07/202418/07/;gca425;3720679943;2
37267997;086.7;15/07/2024;11:55:51;11/07/202418/07/;ae170xn;3720679973;2
37267998;110.7;15/07/2024;12:09:30;11/07/202418/07/;af425vd;3720679983;2
37267999;108.9;15/07/2024;12:11:21;11/07/202418/07/;af027rr;3720679993;2
37268000;086.6;15/07/2024;12:16:55;11/07/202418/07/;aa826ki;3720680003;2
37268003;087.6;15/07/2024;12:22:59;11/07/202418/07/;lgq703;3720680033;2
37268006;136.8;15/07/2024;12:40:08;11/07/202418/07/;ae809ue;3720680063;2
37268008;109.9;15/07/2024;12:46:41;11/07/202418/07/;ae541er;3720680082;2
37268012;087.4;15/07/2024;13:20:39;11/07/202418/07/;ae646cj;3720680123;2
37268013;100.0;15/07/2024;13:22:28;11/07/202418/07/;hrd259;3720680131;2
37268015;088.0;15/07/2024;13:29:06;11/07/202418/07/;ab065ht;3720680153;2
37268016;090.6;15/07/2024;13:38:51;11/07/202418/07/;ab887bx;3720680163;2
37268017;098.5;15/07/2024;13:39:24;11/07/202418/07/;ab887bx;3720680173;2
37268019;089.7;15/07/2024;13:55:05;11/07/202418/07/;af099tf;3720680193;2
37268020;120.0;15/07/2024;13:55:52;11/07/202418/07/;ag465iu;3720680202;2
37268021;117.3;15/07/2024;13:56:43;11/07/202418/07/;af000hi;3720680212;2
37268022;098.6;15/07/2024;14:01:59;11/07/202418/07/;jco360;3720680223;2
37268023;102.4;15/07/2024;14:10:13;11/07/202418/07/;af346qe;3720680233;2
37268024;090.0;15/07/2024;14:17:01;11/07/202418/07/;cje786;3720680243;2
37268025;093.0;15/07/2024;14:18:22;11/07/202418/07/;dbh721;3720680253;2
37268026;092.6;15/07/2024;14:30:36;11/07/202418/07/;ae329xx;3720680263;2
37268028;090.9;15/07/2024;14:39:01;11/07/202418/07/;ovi583;3720680283;2
37268030;089.4;15/07/2024;14:41:54;11/07/202418/07/;af514bx;3720680302;2
37268037;102.8;15/07/2024;15:37:39;11/07/202418/07/;ab072uk;3720680373;2
37268046;102.7;15/07/2024;16:08:25;11/07/202418/07/;ac858iu;3720680462;2
37268052;092.9;15/07/2024;16:28:25;11/07/202418/07/;png831;3720680523;2
37268055;105.3;15/07/2024;16:36:46;11/07/202418/07/;aa742gh;3720680552;2
37268056;096.8;15/07/2024;16:39:20;11/07/202418/07/;nol780;3720680563;2
37268057;100.0;15/07/2024;16:42:20;11/07/202418/07/;nnc167;3720680573;2
37268058;094.3;15/07/2024;16:56:36;11/07/202418/07/;ac856rf;3720680582;2
37268059;105.1;15/07/2024;17:10:37;11/07/202418/07/;ac402yp;3720680591;2
37268060;101.8;15/07/2024;17:11:10;11/07/202418/07/;aa485hw;3720680603;2
37268061;093.4;15/07/2024;17:23:46;11/07/202418/07/;af661qf;3720680612;2
37268062;107.3;15/07/2024;17:25:34;11/07/202418/07/;joj862;3720680622;2
37268063;086.7;15/07/2024;17:27:50;11/07/202418/07/;hau597;3720680633;2
37268064;104.7;15/07/2024;17:30:29;11/07/202418/07/;mge234;3720680642;2
37268066;129.2;15/07/2024;17:39:01;11/07/202418/07/;ag014xj;3720680661;2
37268067;084.6;15/07/2024;17:52:58;11/07/202418/07/;dsc148;3720680673;2
37268068;098.6;16/07/2024;08:22:16;11/07/202418/07/;lce663;3720680682;2
37268069;104.1;16/07/2024;08:26:48;11/07/202418/07/;ac259pl;3720680691;2
37268071;124.1;16/07/2024;08:37:36;11/07/202418/07/;inr064;3720680713;2
37268072;099.2;16/07/2024;08:39:14;11/07/202418/07/;mzo656;3720680722;2
37268073;090.5;16/07/2024;08:39:35;11/07/202418/07/;mca194;3720680733;2
37268076;114.7;16/07/2024;08:59:05;11/07/202418/07/;mfn747;3720680763;2
37268077;117.9;16/07/2024;09:00:23;11/07/202418/07/;ab281be;3720680773;2
37268080;091.6;16/07/2024;09:14:41;11/07/202418/07/;ac113nu;3720680801;2
37268081;108.5;16/07/2024;09:17:10;11/07/202418/07/;ad481le;3720680812;2
37268084;086.9;16/07/2024;09:20:41;11/07/202418/07/;fxo024;3720680843;2
37268085;083.9;16/07/2024;09:28:23;11/07/202418/07/;lny174;3720680853;2
37268086;104.5;16/07/2024;09:28:40;11/07/202418/07/;af102xi;3720680863;2
37268088;098.9;16/07/2024;09:33:01;11/07/202418/07/;kle539;3720680882;2
37268089;091.6;16/07/2024;09:33:39;11/07/202418/07/;ae844wy;3720680893;2
37268090;089.9;16/07/2024;09:37:45;11/07/202418/07/;ae149aa;3720680903;2
37268091;095.5;16/07/2024;09:41:01;11/07/202418/07/;af804yv;3720680913;2
37268092;093.0;16/07/2024;09:44:14;11/07/202418/07/;ac373fn;3720680921;2
37268093;107.8;16/07/2024;09:51:09;11/07/202418/07/;af523ok;3720680933;2
37268095;092.2;16/07/2024;09:53:59;11/07/202418/07/;as192jd;3720680953;2
37268097;098.5;16/07/2024;10:04:08;11/07/202418/07/;ad720eh;3720680973;2
37268098;113.4;16/07/2024;10:06:20;11/07/202418/07/;af993lf;3720680983;2
37268099;116.2;16/07/2024;10:07:21;11/07/202418/07/;ad376ga;3720680993;2
37268100;128.1;16/07/2024;10:19:40;11/07/202418/07/;af393ab;3720681003;2
37268101;107.3;16/07/2024;10:26:26;11/07/202418/07/;ag148uj;3720681013;2
37268105;083.1;16/07/2024;10:33:45;11/07/202418/07/;ad858fc;3720681053;2
37268107;104.8;16/07/2024;10:44:34;11/07/202418/07/;ad319ab;3720681073;2
37268110;103.0;16/07/2024;10:47:30;11/07/202418/07/;ag406ji;3720681103;2
37268112;086.7;16/07/2024;10:48:42;11/07/202418/07/;ag494cc;3720681123;2
37268113;087.7;16/07/2024;10:49:09;11/07/202418/07/;edv929;3720681133;2
37268116;095.2;16/07/2024;11:13:12;11/07/202418/07/;ae662do;3720681163;2
37268117;092.7;16/07/2024;11:13:53;11/07/202418/07/;ad973yo;3720681173;2
37268119;123.3;16/07/2024;11:29:23;11/07/202418/07/;hur276;3720681193;2
37268121;084.9;16/07/2024;11:44:10;11/07/202418/07/;ac928ro;3720681213;2
37268122;094.7;16/07/2024;11:48:03;11/07/202418/07/;ab432nh;3720681223;2
37268123;098.8;16/07/2024;11:52:38;11/07/202418/07/;ae904lj;3720681233;2
37268125;119.6;16/07/2024;12:02:39;11/07/202418/07/;ae624mh;3720681252;2
37268127;089.2;16/07/2024;12:13:33;11/07/202418/07/;ixk579;3720681273;2
37268128;097.7;16/07/2024;12:29:14;11/07/202418/07/;idk253;3720681283;2
37268131;092.5;16/07/2024;13:16:09;11/07/202418/07/;mnk087;3720681313;2
37268132;104.1;16/07/2024;13:18:51;11/07/202418/07/;aa310lo;3720681323;2
37268133;117.5;16/07/2024;13:22:17;11/07/202418/07/;ae924ns;3720681333;2
37268134;091.3;16/07/2024;13:24:41;11/07/202418/07/;ac027zv;3720681343;2
37268135;099.4;16/07/2024;13:31:49;11/07/202418/07/;ac008jn;3720681352;2
37268136;103.1;16/07/2024;13:35:05;11/07/202418/07/;af425rt;3720681363;2
37268139;122.3;16/07/2024;13:59:06;11/07/202418/07/;ae016ka;3720681391;2
37268140;089.2;16/07/2024;14:10:00;11/07/202418/07/;aa981ye;3720681403;2
37268145;101.9;16/07/2024;14:37:22;11/07/202418/07/;aa733mm;3720681452;2
37268147;108.9;16/07/2024;14:38:15;11/07/202418/07/;ac809xd;3720681472;2
37268148;117.2;16/07/2024;14:41:34;11/07/202418/07/;ag613bz;3720681482;2
37268155;090.1;16/07/2024;15:17:17;11/07/202418/07/;gzk341;3720681552;2
37268160;090.6;16/07/2024;16:19:21;11/07/202418/07/;ab600tg;3720681603;2
37268164;103.6;16/07/2024;16:22:12;11/07/202418/07/;ad772mw;3720681643;2
37268165;122.4;16/07/2024;16:25:06;11/07/202418/07/;dun326;3720681653;2
37268166;092.4;16/07/2024;16:27:34;11/07/202418/07/;ini059;3720681662;2
37268171;083.6;16/07/2024;16:41:25;11/07/202418/07/;gfb378;3720681713;2
37268173;093.0;16/07/2024;16:48:58;11/07/202418/07/;ae384se;3720681732;2
37268174;098.2;16/07/2024;16:53:22;11/07/202418/07/;ljs691;3720681743;2
37268175;125.1;16/07/2024;17:03:26;11/07/202418/07/;ae110is;3720681752;2
37268176;096.5;16/07/2024;17:07:06;11/07/202418/07/;jdj862;3720681763;2
37268177;087.5;16/07/2024;17:24:49;11/07/202418/07/;ab716wg;3720681773;2
37268178;118.4;16/07/2024;17:28:20;11/07/202418/07/;ad692xx;3720681783;2
37268180;106.5;16/07/2024;17:33:17;11/07/202418/07/;lud183;3720681803;2
37268181;089.4;16/07/2024;17:42:59;11/07/202418/07/;ac636ue;3720681812;2
37268243;116.5;17/07/2024;00:59:30;11/07/202418/07/;ag601ca;3720682433;2
37268188;108.4;17/07/2024;08:42:47;11/07/202418/07/;nia821;3720681883;2
37268189;093.5;17/07/2024;08:50:59;11/07/202418/07/;tes669;3720681893;2
37268191;090.5;17/07/2024;08:51:48;11/07/202418/07/;af775uk;3720681913;2
37268192;103.8;17/07/2024;09:05:23;11/07/202418/07/;aa005ls;3720681923;2
37268193;088.6;17/07/2024;09:08:31;11/07/202418/07/;ad904je;3720681933;2
37268194;111.0;17/07/2024;09:18:45;11/07/202418/07/;ozm841;3720681943;2
37268195;102.7;17/07/2024;09:22:08;11/07/202418/07/;ag467yv;3720681952;2
37268196;105.0;17/07/2024;09:22:44;11/07/202418/07/;nly255;3720681963;2
37268198;096.0;17/07/2024;09:28:56;11/07/202418/07/;pfv445;3720681983;2
37268200;097.6;17/07/2024;09:30:40;11/07/202418/07/;ies739;3720682003;2
37268201;120.0;17/07/2024;09:35:21;11/07/202418/07/;ac465gy;3720682010;2
37268202;096.1;17/07/2024;09:35:54;11/07/202418/07/;ag302yp;3720682023;2
37268204;136.6;17/07/2024;09:38:35;11/07/202418/07/;af393ab;3720682042;2
37268205;095.0;17/07/2024;09:46:30;11/07/202418/07/;muj147;3720682053;2
37268206;092.1;17/07/2024;09:54:09;11/07/202418/07/;af333en;3720682063;2
37268208;085.6;17/07/2024;10:00:01;11/07/202418/07/;ag598zz;3720682083;2
37268209;119.9;17/07/2024;10:03:05;11/07/202418/07/;ele364;3720682092;2
37268211;139.2;17/07/2024;10:13:14;11/07/202418/07/;af223lw;3720682111;2
37268212;083.8;17/07/2024;10:13:37;11/07/202418/07/;af078ig;3720682123;2
37268214;113.2;17/07/2024;10:19:53;11/07/202418/07/;ab517wz;3720682142;2
37268216;105.0;17/07/2024;10:21:35;11/07/202418/07/;ad212cb;3720682162;2
37268217;103.4;17/07/2024;10:28:47;11/07/202418/07/;mwm484;3720682172;2
37268221;090.9;17/07/2024;10:51:53;11/07/202418/07/;uvn376;3720682213;2
37268222;095.1;17/07/2024;10:53:18;11/07/202418/07/;ind051;3720682223;2
37268223;099.2;17/07/2024;11:04:58;11/07/202418/07/;mxu574;3720682233;2
37268228;090.2;17/07/2024;11:35:39;11/07/202418/07/;djo590;3720682282;2
37268233;089.8;17/07/2024;11:59:40;11/07/202418/07/;ad751hn;3720682333;2
37268244;110.9;17/07/2024;13:00:29;11/07/202418/07/;mfn833;3720682443;2
37268246;088.4;17/07/2024;13:03:08;11/07/202418/07/;af588id;3720682463;2
37268250;101.4;17/07/2024;13:44:05;11/07/202418/07/;ad568yu;3720682503;2
37268252;094.7;17/07/2024;13:53:32;11/07/202418/07/;af712ny;3720682523;2
37268255;091.7;17/07/2024;14:05:12;11/07/202418/07/;ad365xw;3720682553;2
37268263;102.8;17/07/2024;14:53:09;11/07/202418/07/;ae571xf;3720682632;2
37268269;123.2;17/07/2024;15:17:51;11/07/202418/07/;af085hi;3720682693;2
37268282;102.0;17/07/2024;15:59:21;11/07/202418/07/;ae871wv;3720682823;2
37268288;086.6;17/07/2024;16:41:01;11/07/202418/07/;dsc140;3720682883;2
37268290;116.6;17/07/2024;16:49:34;11/07/202418/07/;owz636;3720682902;2
37268293;093.7;17/07/2024;17:03:34;11/07/202418/07/;ag658qo;3720682932;2
37268295;107.6;17/07/2024;17:15:20;11/07/202418/07/;ac859jw;3720682953;2
37268296;094.7;17/07/2024;17:16:37;11/07/202418/07/;ad261ir;3720682963;2
37268297;102.8;17/07/2024;17:16:47;11/07/202418/07/;ab344hv;3720682973;2
37268303;085.4;17/07/2024;17:28:43;11/07/202418/07/;ag156sb;3720683033;2
37268304;084.9;17/07/2024;17:44:33;11/07/202418/07/;kza190;3720683043;2
37268305;099.4;17/07/2024;17:54:37;11/07/202418/07/;ab423cx;3720683052;2
37268307;086.6;17/07/2024;17:56:32;11/07/202418/07/;eyp547;3720683073;2
37268308;109.0;17/07/2024;17:56:50;11/07/202418/07/;ldu081;3720683083;2
37268315;103.6;18/07/2024;08:28:14;11/07/202418/07/;ag399kh;3720683153;2
37268317;110.4;18/07/2024;08:32:53;11/07/202418/07/;kbg457;3720683171;2
37268318;115.0;18/07/2024;08:51:02;11/07/202418/07/;dge390;3720683183;2
37268319;091.0;18/07/2024;08:52:55;11/07/202418/07/;nau011;3720683193;2
